Designator,Val,Package,Mid X,Mid Y,Rotation,Layer
BT1,Battery,BATT_18350,13.462,9.271,0.0,top
Basic2.a1,Conn_01x05,PinSocket_1x5_P2.54mm_SMD,0.9144,9.271,0.0,top
Basic2.a2,Conn_01x05,PinSocket_1x5_P2.54mm_SMD,25.908,9.2964,0.0,top
Basic2.b1,Conn_01x05,PinSocket_1x5_P2.54mm_SMD,0.9144,9.271,0.0,bottom
Basic2.b2,Conn_01x05,PinSocket_1x5_P2.54mm_SMD,25.908,9.2964,0.0,bottom
C1,10uF,C_0603_1608Metric,13.208,14.859,0.0,bottom
C2,22uF,C_0805_2012Metric,9.906,16.891,180.0,bottom
C3,22uF,C_0805_2012Metric,9.906,14.859,180.0,bottom
C4,10uF,C_0603_1608Metric,6.604,14.605,0.0,bottom
C5,10uF,C_0603_1608Metric,6.604,17.145,0.0,bottom
L1,"1uH,HPC0530",L_Sunlord_MWSA0503S,14.478,9.271,90.0,bottom
R1,182k,R_0603_1608Metric,14.478,4.191,180.0,bottom
R2,182k,R_0603_1608Metric,14.478,2.54,180.0,bottom
R3,143k,R_0603_1608Metric,14.478,1.016,180.0,bottom
SW1,SW_SPST,SW_PUSH_5.8mm_LOCK,2.6,21.405,-90.0,top
U1,ETA9740,HSOP-8-1EP_3.9x4.9mm_P1.27mm_EP2.41x3.1mm_ThermalVias,8.636,9.906,90.0,bottom
