Comment,Designator,Footprint,LCSC,Quantity
Conn_01x10,"2x10,A1",PinSocket_1x10_P2.54mm_SMD,,2
Conn_02x05_Odd_Even,J1,PinHeader_2x05_P1.27mm_Vertical,,1
SolderJumper_2_Open,JP1,SolderJumper-2_P1.3mm_Open_RoundedPad1.0x1.5mm,,1
SolderJumper_2_Open,JP2,SolderJumper-2_P1.3mm_Open_RoundedPad1.0x1.5mm,,1
Conn_01x11,J2,PinHeader_1x11_P2.54mm_Vertical,,1
Conn_01x05,Basic2.a1,PinSocket_1x5_P2.54mm_SMD,,1
Conn_01x05,Basic2.b1,PinSocket_1x5_P2.54mm_SMD,,1
Conn_01x10,"2x10,B1",PinSocket_1x10_P2.54mm_SMD,,2
